기간,항구공항명,수출건수,수출금액,수입건수,수입금액,무역수지
전체,전체,"114,438,770","7,783,756,740","187,631,889","7,077,774,348","705,982,392"
2000,포항(공)항,"21,495","1,777,454","2,690","2,448,391","-670,937"
2000,군산(공)항,"2,994","1,244,781","5,361","808,297","436,484"
2000,김해공항,"28,920","371,174","105,350","2,475,108","-2,103,933"
2000,청주공항,"2,332","36,532",11,505,"36,027"
2000,인천공항국제우편세관,"4,822","12,872","1,593","4,032","8,840"
2000,속초공항(삼척항),100,"7,795",23,353,"7,442"
2000,서울세관,112,602,173,"14,015","-13,413"
2001,인천공항,"939,725","28,675,528","1,320,698","29,698,888","-1,023,360"
2001,포항(공)항,"20,018","1,630,182","2,689","2,116,072","-485,889"
2001,군산(공)항,"4,163","947,898","5,454","829,687","118,211"
2001,김해공항,"28,883","261,568","88,913","1,790,930","-1,529,362"
2001,인천공항국제우편세관,"6,281","15,911","3,024","4,871","11,041"
2001,청주공항,"1,806","15,841",11,"2,890","12,951"
2001,김포공항,"1,104","10,193","20,096","190,945","-180,752"
2001,속초공항(삼척항),84,"6,990",31,402,"6,588"
2001,서울세관,74,290,61,"1,598","-1,308"
2002,인천공항,"1,493,624","47,717,098","2,043,213","46,333,515","1,383,583"
2002,포항(공)항,"15,932","1,448,234","3,036","2,283,532","-835,297"
2002,군산(공)항,"3,920","736,174","6,182","919,744","-183,571"
2002,김해공항,"35,841","312,073","97,678","1,861,864","-1,549,791"
2002,인천공항국제우편세관,"8,114","20,760","7,840","14,632","6,128"
2002,속초공항(삼척항),72,"4,966",4,62,"4,904"
2002,청주공항,"1,595","1,886",19,24,"1,862"
2002,김포공항,117,"1,044","32,456","56,412","-55,368"
2002,서울세관,53,415,58,"1,786","-1,371"
2003,인천공항,"1,701,150","62,456,876","2,194,923","55,589,747","6,867,130"
2003,포항(공)항,"14,324","2,165,757","3,674","3,040,077","-874,320"
2003,군산(공)항,"5,106","1,655,082","6,592","1,019,837","635,245"
2003,김해공항,"39,807","304,027","100,757","2,017,569","-1,713,543"
2003,인천공항국제우편세관,"9,851","28,716","8,915","14,992","13,724"
2003,속초공항(삼척항),78,"6,939",0,0,"6,939"
2003,청주공항,"1,221","3,050",31,32,"3,018"
2003,서울세관,26,"1,182",39,668,514
2003,김포공항,57,778,842,"18,825","-18,047"
2004,인천공항,"1,855,851","82,779,627","2,332,599","67,793,307","14,986,321"
2004,포항(공)항,"14,702","3,548,100","4,219","5,070,208","-1,522,109"
2004,군산(공)항,"5,989","2,542,394","7,269","1,205,090","1,337,304"
2004,김해공항,"44,184","376,374","91,269","2,283,281","-1,906,907"
2004,인천공항국제우편세관,"12,453","36,564","10,394","19,082","17,482"
2004,속초공항(삼척항),65,"5,771",1,34,"5,736"
2004,청주공항,784,"4,092",14,81,"4,011"
2004,김포공항,133,"1,341","1,687","18,694","-17,353"
2004,서울세관,55,808,37,732,76
2004,양양공항,1,1,2,1,-1
2005,인천공항,"1,969,186","85,963,660","2,577,242","72,817,210","13,146,450"
2005,포항(공)항,"16,025","4,400,107","4,102","5,988,202","-1,588,095"
2005,군산(공)항,"7,872","3,077,392","8,853","1,417,949","1,659,442"
2005,김해공항,"46,155","394,493","83,771","1,869,340","-1,474,847"
2005,인천공항국제우편세관,"22,838","62,046","10,583","21,857","40,189"
2005,김포공항,183,"8,590","2,517","32,421","-23,830"
2005,속초공항(삼척항),71,"6,560",10,391,"6,169"
2005,청주공항,75,907,22,"6,534","-5,627"
2005,서울세관,35,431,72,"3,781","-3,350"
2005,양양공항,1,4,1,0,4
2005,부산국제우편세관,0,0,3,3,-3
2006,부산항,"1,946,737","99,163,602","1,453,914","79,527,633","19,635,969"
2006,인천공항,"2,030,713","87,706,234","2,760,662","80,406,468","7,299,766"
2006,울산항,"68,338","28,609,876","23,935","26,868,156","1,741,720"
2006,인천항,"399,913","22,448,981","691,661","30,142,308","-7,693,327"
2006,광양항,"184,185","16,840,435","47,660","6,419,971","10,420,463"
2006,평택항,"60,748","13,730,063","65,810","9,095,779","4,634,284"
2006,온산항,"3,343","8,764,360","5,462","18,777,414","-10,013,054"
2006,여수항,"3,944","7,037,788","5,797","25,225,567","-18,187,778"
2006,미포항,118,"5,822,101",12,"5,028","5,817,072"
2006,고현항,975,"4,738,828","2,106","619,807","4,119,021"
2006,포항항,"18,220","4,648,291","4,736","6,173,536","-1,525,245"
2006,마산항,"14,288","4,570,110","16,021","1,692,356","2,877,754"
2006,대산항,"1,266","4,208,210","1,234","10,840,384","-6,632,174"
2006,옥포항,363,"4,150,420",507,"401,528","3,748,892"
2006,목포항,"1,230","3,919,858",984,"422,756","3,497,102"
2006,군산항,"8,880","3,870,411","10,261","1,597,352","2,273,059"
2006,진해항,489,"1,185,205","2,124","201,855","983,350"
2006,충무항,108,"482,365",313,"26,649","455,717"
2006,김해공항,"46,106","434,892","75,353","1,757,224","-1,322,332"
2006,기타불개항,"2,549","316,607","1,040","4,632,884","-4,316,277"
2006,통영항,295,"270,078","1,866","100,331","169,747"
2006,동해항,659,"197,428","1,617","834,737","-637,309"
2006,당진항,401,"121,448",5,5,"121,443"
2006,군산(공)항,171,"88,103",45,"3,300","84,803"
2006,묵호항,114,"84,691",291,"12,311","72,380"
2006,인천공항국제우편세관,"28,372","81,027","15,167","28,010","53,017"
2006,속초항,"2,562","70,153","2,256","49,282","20,871"
2006,북평항,186,"35,648",396,"97,229","-61,581"
2006,포항(공)항,139,"29,216",23,"48,910","-19,693"
2006,완도항,746,"25,402",76,"5,354","20,048"
2006,대불항,37,"18,614",83,"62,445","-43,831"
2006,장승포항,3,"15,455",2,1,"15,454"
2006,삼척항,478,"15,087",129,"4,040","11,048"
2006,김포공항,652,"10,834","12,752","714,209","-703,375"
2006,옥계항,8,"8,433",47,"19,303","-10,870"
2006,제주항,14,"5,590",108,"8,564","-2,973"
2006,대구공항,"1,160","4,128",11,77,"4,051"
2006,제주공항,434,"3,300","1,030","69,135","-65,835"
2006,삼천포항,19,"1,232",391,"522,238","-521,006"
2006,울산공항,9,532,4,4,528
2006,청주공항,60,420,32,"20,028","-19,608"
2006,장항항,7,356,356,"33,288","-32,931"
2006,서울세관,27,337,63,"1,235",-897
2006,여천항,3,295,3,"2,424","-2,129"
2006,성남공항,28,196,0,0,196
2006,속초공항(삼척항),6,103,1,45,58
2006,도라산육로,1,93,91,"1,383","-1,290"
2006,부산국제우편세관,35,93,"1,174","2,278","-2,185"
2006,감천항,5,44,277,"87,067","-87,022"
2006,여수공항,3,44,0,0,44
2006,광주공항,6,35,2,2,32
2006,진주항,1,26,0,0,26
2006,강릉항,1,12,0,0,12
2006,수원공항,3,9,0,0,9
2006,진주(사천)공항,2,5,4,"5,000","-4,995"
2006,전주공항,2,2,0,0,2
2006,오산공항,1,0,0,0,0
2006,서귀포항,0,0,24,"1,256","-1,256"
2006,목포공항,0,0,1,37,-37
2006,고제항,0,0,4,"39,577","-39,577"
2006,고정항,0,0,119,"456,832","-456,832"
2006,태안항,0,0,93,"374,101","-374,101"
2006,고성육로,0,0,258,"16,174","-16,174"
2006,보령항,0,0,1,17,-17
2007,부산항,"1,980,922","113,887,519","1,537,463","95,468,256","18,419,263"
2007,인천공항,"2,158,185","96,342,390","2,964,329","88,419,122","7,923,268"
2007,울산항,"69,915","35,534,143","23,638","29,773,705","5,760,438"
2007,인천항,"431,789","28,147,030","841,298","37,687,059","-9,540,029"
2007,광양항,"176,630","19,227,265","52,464","7,350,774","11,876,491"
2007,평택항,"62,577","13,621,131","84,401","12,228,162","1,392,969"
2007,온산항,"3,424","9,524,894","5,105","20,522,393","-10,997,498"
2007,여수항,"3,467","8,682,260","6,543","28,374,090","-19,691,830"
2007,미포항,123,"7,055,696",2,"2,429","7,053,267"
2007,마산항,"15,920","6,231,174","16,220","2,038,895","4,192,279"
2007,고현항,"1,278","5,479,670","2,655","686,032","4,793,638"
2007,옥포항,460,"5,041,906",711,"485,884","4,556,023"
2007,대산항,"3,039","5,002,091","1,289","12,018,996","-7,016,904"
2007,포항항,"15,266","4,786,433","5,880","7,838,225","-3,051,791"
2007,군산항,"8,067","4,191,748","11,025","1,953,425","2,238,323"
2007,목포항,892,"3,601,947",801,"483,684","3,118,263"
2007,진해항,399,"1,541,635","2,223","193,927","1,347,707"
2007,통영항,391,"1,516,219","2,188","303,343","1,212,876"
2007,김해공항,"52,426","559,331","65,530","1,361,310","-801,979"
2007,기타불개항,"2,731","509,942",723,"4,184,282","-3,674,340"
2007,당진항,706,"248,981",131,"573,698","-324,717"
2007,동해항,790,"237,118","2,006","1,036,374","-799,256"
2007,속초항,"3,452","116,286","2,077","66,334","49,952"
2007,여천항,98,"106,326",27,"74,778","31,548"
2007,인천공항국제우편세관,"32,508","88,169","17,020","35,099","53,070"
2007,대불항,109,"44,088",278,"175,279","-131,191"
2007,충무항,2,"43,651",3,222,"43,429"
2007,완도항,722,"25,459",104,"8,736","16,723"
2007,감천항,935,"20,434",984,"337,054","-316,621"
2007,옥계항,31,"18,635",60,"44,747","-26,113"
2007,김포공항,"1,051","13,607","15,732","792,165","-778,557"
2007,포항(공)항,11,"12,433",5,110,"12,323"
2007,묵호항,106,"8,082",297,"15,598","-7,516"
2007,삼척항,78,"7,292",135,"5,753","1,539"
2007,대구공항,"1,066","3,761",9,8,"3,753"
2007,제주공항,363,"2,256","1,222","60,099","-57,843"
2007,삼천포항,16,"1,057",395,"617,882","-616,825"
2007,장항항,12,939,414,"67,724","-66,785"
2007,부산국제우편세관,652,886,"1,858","3,297","-2,411"
2007,서울세관,27,876,58,"1,062",-186
2007,제주항,9,724,32,"21,094","-20,371"
2007,장승포항,2,683,2,0,683
2007,강릉항,2,578,0,0,578
2007,고제항,1,553,2,"84,780","-84,227"
2007,북평항,1,515,3,17,497
2007,청주공항,65,435,16,"6,160","-5,725"
2007,군산(공)항,2,396,0,0,396
2007,성남공항,30,234,1,"90,165","-89,931"
2007,울산공항,8,112,0,0,112
2007,속초공항(삼척항),2,29,0,0,29
2007,강릉공항,3,29,0,0,29
2007,광주공항,5,22,2,12,10
2007,서귀포항,1,14,3,214,-200
2007,진주(사천)공항,0,0,2,"1,667","-1,667"
2007,도라산육로,0,0,183,"6,672","-6,672"
2007,대불항,0,0,17,"9,743","-9,743"
2007,고성육로,0,0,86,"4,024","-4,024"
2007,고정항,0,0,21,"96,379","-96,379"
2007,보령항,0,0,115,"462,757","-462,757"
2007,태안항,0,0,158,"763,310","-763,310"
2007,무안공항,0,0,1,1,-1
2008,부산항,"1,989,586","127,288,743","1,462,043","105,951,796","21,336,947"
2008,인천공항,"2,335,232","95,756,397","3,248,714","89,418,099","6,338,298"
2008,울산항,"62,185","41,213,199","22,759","41,892,565","-679,366"
2008,인천항,"446,661","29,182,108","829,643","47,929,336","-18,747,227"
2008,광양항,"175,745","22,768,877","53,621","11,237,340","11,531,537"
2008,평택항,"59,867","13,934,261","82,117","17,256,566","-3,322,305"
2008,여수항,"3,516","13,280,255","6,775","38,827,816","-25,547,561"
2008,온산항,"2,995","13,035,014","1,847","23,739,845","-10,704,831"
2008,미포항,143,"9,726,142",0,0,"9,726,142"
2008,옥포항,401,"9,056,200",784,"765,893","8,290,307"
2008,마산항,"17,206","8,386,006","13,996","2,568,880","5,817,126"
2008,고현항,"1,214","8,233,495","2,168","1,030,897","7,202,598"
2008,대산항,"2,893","7,178,113","1,350","19,625,304","-12,447,191"
2008,포항항,"14,949","5,977,142","6,732","14,091,683","-8,114,541"
2008,목포항,914,"4,266,938",789,"978,063","3,288,875"
2008,군산항,"7,534","3,987,042","10,789","2,980,730","1,006,311"
2008,진해항,643,"2,318,651","2,105","581,937","1,736,714"
2008,통영항,340,"2,198,031","1,845","134,477","2,063,554"
2008,기타불개항,"2,534","1,428,164",414,"6,405,205","-4,977,041"
2008,당진항,"1,620","827,091",454,"1,551,136","-724,044"
2008,김해공항,"52,939","684,875","57,331","1,134,553","-449,678"
2008,여천항,195,"353,600",28,"179,857","173,743"
2008,동해항,664,"309,498","1,772","1,358,466","-1,048,968"
2008,속초항,"6,398","200,742","1,296","37,173","163,570"
2008,인천공항국제우편세관,"40,973","115,695","24,132","54,437","61,258"
2008,김포공항,"2,949","108,248","11,879","811,302","-703,054"
2008,대불항,79,"51,095",386,"371,195","-320,100"
2008,옥계항,42,"36,389",89,"170,051","-133,663"
2008,완도항,822,"36,221",68,"4,478","31,744"
2008,장승포항,7,"19,288",0,0,"19,288"
2008,감천항,870,"10,063",873,"658,098","-648,035"
2008,제주항,12,"6,585",4,"2,176","4,410"
2008,삼척항,47,"4,942",102,"6,295","-1,353"
2008,대구공항,824,"4,851",7,34,"4,817"
2008,장항항,5,"4,616",262,"68,753","-64,137"
2008,묵호항,64,"4,363",229,"26,978","-22,615"
2008,제주공항,412,"4,119","1,354","64,785","-60,665"
2008,삼천포항,27,"2,272",290,"1,022,754","-1,020,481"
2008,서울세관,65,"2,271",42,619,"1,652"
2008,고제항,3,"2,181",6,"115,061","-112,880"
2008,포항(공)항,7,"1,101",60,"80,377","-79,276"
2008,군산(공)항,1,971,0,0,971
2008,부산국제우편세관,535,455,715,"1,439",-983
2008,광주공항,3,369,0,0,369
2008,청주공항,34,332,13,"11,083","-10,751"
2008,울산공항,11,155,0,0,155
2008,성남공항,4,91,0,0,91
2008,북평항,1,27,37,594,-567
2008,충무항,1,21,271,"17,983","-17,962"
2008,서귀포항,1,7,0,0,7
2008,강릉항,1,5,0,0,5
2008,원주공항,1,4,0,0,4
2008,전주공항,1,4,1,10,-5
2008,무안공항,1,1,3,2,-2
2008,도라산육로,1,1,327,"16,892","-16,891"
2008,보령항,0,0,170,"1,027,884","-1,027,884"
2008,태안항,0,0,164,"1,062,700","-1,062,700"
2008,진주항,0,0,1,2,-2
2008,고성육로,0,0,16,"1,098","-1,098"
2009,부산항,"1,936,886","102,492,931","1,301,326","85,024,955","17,467,977"
2009,인천공항,"2,473,116","89,636,921","4,333,187","74,404,889","15,232,032"
2009,울산항,"52,632","30,114,671","19,693","27,500,425","2,614,246"
2009,인천항,"501,500","28,755,724","755,423","34,932,820","-6,177,096"
2009,광양항,"208,561","18,562,273","53,047","8,435,934","10,126,339"
2009,평택항,"58,492","12,200,201","102,907","13,801,496","-1,601,295"
2009,미포항,315,"10,363,925",0,0,"10,363,925"
2009,옥포항,300,"9,621,876",691,"1,352,455","8,269,421"
2009,고현항,"1,222","9,388,055","1,195","1,275,796","8,112,259"
2009,여수항,"4,508","8,922,185","5,461","22,868,967","-13,946,782"
2009,마산항,"13,983","8,047,243","8,081","1,931,136","6,116,107"
2009,온산항,"3,075","7,701,687","1,838","15,632,654","-7,930,967"
2009,목포항,958,"5,572,075",455,"655,734","4,916,341"
2009,대산항,"5,315","5,196,243","1,067","12,635,092","-7,438,850"
2009,포항항,"14,683","4,559,951","5,651","7,802,198","-3,242,247"
2009,군산항,"7,238","3,499,557","12,578","2,179,803","1,319,754"
2009,진해항,522,"2,717,239","1,830","618,505","2,098,733"
2009,통영항,286,"2,526,210","1,670","81,498","2,444,711"
2009,기타불개항,"2,745","1,569,974",479,"4,577,836","-3,007,862"
2009,김해공항,"51,761","640,803","48,935","818,826","-178,023"
2009,당진항,"1,757","496,087",301,"1,121,393","-625,306"
2009,여천항,225,"299,015",13,"49,935","249,080"
2009,동해항,848,"237,021","1,823","892,860","-655,840"
2009,인천공항국제우편세관,"49,623","117,337","25,767","46,918","70,418"
2009,속초항,"2,152","65,550","1,066","36,813","28,738"
2009,김포공항,"2,865","58,394","10,088","630,738","-572,344"
2009,완도항,805,"37,769",18,"1,256","36,513"
2009,대불항,46,"29,083",273,"156,142","-127,059"
2009,옥계항,33,"22,960",74,"98,854","-75,893"
2009,감천항,759,"17,540",787,"201,215","-183,675"
2009,삼천포항,25,"12,269",216,"798,390","-786,121"
2009,제주공항,777,"9,163","1,604","60,200","-51,037"
2009,포항(공)항,24,"8,701",130,"145,943","-137,242"
2009,군산(공)항,7,"8,424",1,56,"8,368"
2009,대구공항,"1,005","5,813",4,4,"5,809"
2009,삼척항,43,"5,285",95,"6,117",-832
2009,묵호항,78,"3,883",263,"16,163","-12,280"
2009,울산공항,13,"3,268",1,5,"3,263"
2009,제주항,3,"1,730",2,683,"1,047"
2009,고제항,5,"1,537",0,0,"1,537"
2009,장항항,12,"1,119",157,"46,316","-45,196"
2009,서울세관,95,843,35,"1,817",-975
2009,부산국제우편세관,554,581,481,817,-236
2009,목포공항,1,238,0,0,238
2009,성남공항,1,46,0,0,46
2009,광주공항,4,37,0,0,37
2009,청주공항,16,35,4,"10,774","-10,739"
2009,북평항,2,29,33,189,-160
2009,속초공항(삼척항),3,28,0,0,28
2009,장승포항,52,22,5,2,20
2009,수원공항,5,11,1,94,-83
2009,진주항,2,1,0,0,1
2009,원주공항,1,1,0,0,1
2009,고성육로,0,0,1,2,-2
2009,도라산육로,0,0,317,"3,501","-3,501"
2009,무안공항,0,0,1,2,-2
2009,충무항,0,0,138,"3,056","-3,056"
2009,보령항,0,0,181,"880,239","-880,239"
2009,태안항,0,0,147,"1,342,793","-1,342,793"
2010,부산항,"2,237,086","133,574,724","1,487,250","107,603,413","25,971,312"
2010,인천공항,"2,875,980","113,824,134","6,301,450","98,115,834","15,708,300"
2010,울산항,"68,142","40,557,227","21,006","36,978,960","3,578,267"
2010,인천항,"550,716","40,158,121","961,492","46,510,856","-6,352,735"
2010,광양항,"239,412","24,685,320","63,687","12,201,476","12,483,844"
2010,평택항,"67,097","16,815,728","160,060","20,250,968","-3,435,240"
2010,고현항,"1,080","12,462,342","1,916","2,394,383","10,067,959"
2010,여수항,"4,223","11,967,671","6,654","31,447,499","-19,479,828"
2010,옥포항,173,"10,206,673",748,"1,119,576","9,087,097"
2010,온산항,"2,838","9,089,272","1,576","19,531,869","-10,442,597"
2010,마산항,"14,656","8,758,323","7,702","1,914,765","6,843,558"
2010,미포항,363,"6,980,021",6,"8,119","6,971,902"
2010,포항항,"24,239","6,811,302","6,768","10,798,382","-3,987,080"
2010,대산항,"7,362","6,681,081","1,310","17,340,827","-10,659,745"
2010,목포항,"1,409","5,805,899",681,"559,391","5,246,508"
2010,군산항,"8,004","5,584,132","15,837","3,010,366","2,573,766"
2010,통영항,264,"3,353,893","1,587","101,369","3,252,524"
2010,진해항,657,"3,245,533",999,"517,382","2,728,151"
2010,기타불개항,"2,922","2,261,213",505,"5,938,184","-3,676,971"
2010,당진항,"3,818","1,227,185",217,"1,184,899","42,286"
2010,김해공항,"60,525","866,193","52,448","1,056,624","-190,431"
2010,여천항,392,"673,715",109,"497,736","175,979"
2010,동해항,"1,545","336,650","1,581","1,266,736","-930,087"
2010,인천공항국제우편세관,"56,319","150,170","28,473","61,464","88,706"
2010,김포공항,"2,177","73,928","13,009","728,291","-654,363"
2010,속초항,"1,685","48,684",846,"27,803","20,881"
2010,옥계항,79,"45,507",71,"83,611","-38,103"
2010,완도항,784,"44,363",22,"1,372","42,991"
2010,대불항,47,"28,162",179,"197,228","-169,066"
2010,감천항,806,"14,676","1,013","281,711","-267,036"
2010,삼척항,100,"12,856",149,"11,222","1,634"
2010,제주항,13,"12,629",7,"2,254","10,374"
2010,제주공항,879,"7,637","1,800","68,147","-60,510"
2010,대구공항,"1,010","6,268",2,4,"6,264"
2010,묵호항,64,"5,195",170,"9,394","-4,198"
2010,포항(공)항,12,"2,826",108,"33,583","-30,757"
2010,장항항,17,"1,698",208,"48,248","-46,550"
2010,부산국제우편세관,860,838,526,"1,007",-170
2010,삼천포항,8,734,202,"965,230","-964,497"
2010,강릉항,6,310,0,0,310
2010,고제항,3,207,0,0,207
2010,속초공항(삼척항),2,175,0,0,175
2010,성남공항,6,159,0,0,159
2010,서울세관,29,151,39,"2,922","-2,771"
2010,울산공항,12,118,0,0,118
2010,광주공항,24,78,0,0,78
2010,청주공항,7,10,4,"5,864","-5,854"
2010,수원공항,2,10,0,0,10
2010,군산(공)항,2,9,0,0,9
2010,강릉공항,1,8,2,137,-129
2010,전주공항,1,3,0,0,3
2010,원주공항,1,1,0,0,1
2010,진주(사천)공항,1,1,0,0,1
2010,고성육로,0,0,8,47,-47
2010,도라산육로,0,0,150,"1,882","-1,882"
2010,충무항,0,0,86,"11,570","-11,570"
2010,양양공항,0,0,1,"1,601","-1,601"
2010,장승포항,0,0,1,1,-1
2010,북평항,0,0,3,951,-951
2010,보령항,0,0,210,"1,141,377","-1,141,377"
2010,진주항,0,0,1,1,-1
2010,태안항,0,0,155,"1,169,417","-1,169,417"
2011,부산항,"2,332,599","158,982,526","1,535,519","126,735,762","32,246,764"
2011,인천공항,"2,834,740","115,467,435","7,658,387","107,820,701","7,646,734"
2011,울산항,"75,736","53,106,272","21,208","51,373,109","1,733,163"
2011,인천항,"568,280","46,914,920","986,475","55,697,270","-8,782,350"
2011,광양항,"203,151","28,211,398","58,710","16,312,656","11,898,742"
2011,평택항,"77,182","21,410,305","208,341","28,940,472","-7,530,167"
2011,여수항,"3,873","18,049,779","4,891","41,165,439","-23,115,659"
2011,온산항,"3,623","17,306,973","1,341","29,863,443","-12,556,471"
2011,고현항,"1,130","14,676,988","2,125","1,793,829","12,883,159"
2011,옥포항,157,"13,016,547",543,"1,126,503","11,890,043"
2011,미포항,427,"12,035,195",0,0,"12,035,195"
2011,대산항,"8,138","10,131,325","1,376","23,166,177","-13,034,851"
2011,마산항,"15,675","9,871,493","7,222","2,071,797","7,799,696"
2011,포항항,"19,998","8,577,333","7,262","13,427,650","-4,850,318"
2011,목포항,"1,376","6,927,605",808,"768,547","6,159,058"
2011,군산항,"10,532","6,390,800","17,292","3,910,527","2,480,272"
2011,진해항,272,"2,975,028","1,423","453,854","2,521,175"
2011,통영항,270,"2,671,929","1,240","131,821","2,540,108"
2011,당진항,"5,324","2,438,235",173,"1,444,802","993,433"
2011,기타불개항,"2,841","2,300,173",481,"7,416,053","-5,115,880"
2011,여천항,714,"1,570,432",349,"1,948,605","-378,173"
2011,김해공항,"53,742","760,955","42,936","1,168,131","-407,176"
2011,동해항,"3,637","531,397","1,498","1,580,765","-1,049,368"
2011,김포공항,"6,279","344,211","18,296","937,545","-593,335"
2011,인천공항국제우편세관,"69,096","203,595","27,730","68,055","135,540"
2011,대불항,97,"66,426",95,"97,051","-30,625"
2011,완도항,888,"61,434",40,"3,103","58,331"
2011,옥계항,78,"59,718",77,"116,060","-56,343"
2011,속초항,"2,412","47,160",99,"13,698","33,462"
2011,삼척항,121,"26,877",171,"14,125","12,752"
2011,군산(공)항,28,"24,795",0,0,"24,795"
2011,감천항,779,"20,585","1,382","382,621","-362,036"
2011,묵호항,80,"9,729",95,"21,667","-11,938"
2011,제주항,12,"5,469",9,"3,920","1,549"
2011,제주공항,612,"4,358","1,858","68,720","-64,362"
2011,대구공항,724,"3,832",3,7,"3,825"
2011,장항항,15,"2,536",188,"51,704","-49,167"
2011,삼천포항,20,"2,168",211,"1,265,335","-1,263,167"
2011,장승포항,3,"1,457",3,3,"1,454"
2011,부산국제우편세관,557,"1,270",438,"1,104",166
2011,울산공항,9,583,0,0,583
2011,청주공항,28,491,292,"128,125","-127,634"
2011,포항(공)항,5,452,0,0,452
2011,고제항,2,432,0,0,432
2011,성남공항,14,333,0,0,333
2011,북평항,2,208,10,250,-42
2011,광주공항,28,182,93,483,-301
2011,서울세관,40,129,59,730,-602
2011,진주항,6,121,0,0,121
2011,보령항,1,36,203,"1,344,052","-1,344,015"
2011,전주공항,9,20,0,0,20
2011,원주공항,2,3,0,0,3
2011,진주(사천)공항,1,1,0,0,1
2011,무안공항,0,0,1,0,0
2011,태안항,0,0,169,"1,559,987","-1,559,987"
2011,충무항,0,0,88,"16,160","-16,160"
2011,도라산육로,0,0,61,672,-672
2012,부산항,"2,409,586","157,935,040","1,521,700","120,788,603","37,146,436"
2012,인천공항,"2,933,129","117,067,600","8,851,526","102,305,378","14,762,223"
2012,울산항,"79,527","52,894,355","20,605","52,875,759","18,597"
2012,인천항,"602,977","48,300,993","985,648","56,369,782","-8,068,789"
2012,광양항,"208,942","28,117,693","65,538","15,188,331","12,929,361"
2012,평택항,"83,477","23,179,978","261,073","32,995,012","-9,815,034"
2012,여수항,"3,739","19,568,561","4,086","42,849,324","-23,280,762"
2012,온산항,"4,079","18,880,544","1,391","31,682,518","-12,801,973"
2012,대산항,"10,084","12,095,625","1,376","25,349,039","-13,253,414"
2012,마산항,"18,127","12,013,248","6,181","1,803,946","10,209,302"
2012,옥포항,160,"10,086,015",495,"1,298,874","8,787,141"
2012,고현항,"1,047","9,185,091","1,914","1,445,456","7,739,636"
2012,목포항,"1,306","7,648,757",629,"551,188","7,097,569"
2012,포항항,"18,873","7,495,599","7,100","10,790,617","-3,295,018"
2012,미포항,290,"6,156,964",0,0,"6,156,964"
2012,군산항,"9,483","5,747,173","16,331","3,599,314","2,147,859"
2012,진해항,225,"2,370,152","1,959","359,092","2,011,060"
2012,기타불개항,"2,370","1,917,182",460,"7,848,018","-5,930,836"
2012,통영항,323,"1,692,271","1,225","90,855","1,601,416"
2012,당진항,"5,269","1,666,871",173,"1,339,274","327,596"
2012,여천항,572,"1,218,828",439,"2,643,512","-1,424,684"
2012,김포공항,"8,333","616,151","19,849","454,508","161,642"
2012,김해공항,"44,190","560,621","32,693","683,875","-123,254"
2012,동해항,"3,933","551,687","1,957","1,554,020","-1,002,333"
2012,인천공항국제우편세관,"71,536","220,931","27,971","71,170","149,761"
2012,경인항,191,"170,367","3,560","137,516","32,851"
2012,속초항,"7,233","134,174",100,"8,047","126,127"
2012,대불항,246,"120,653",91,"89,280","31,373"
2012,감천항,875,"59,270","2,046","374,395","-315,125"
2012,완도항,776,"56,458",47,"1,934","54,524"
2012,옥계항,59,"37,845",69,"73,749","-35,904"
2012,대구공항,"1,267","34,862",2,1,"34,861"
2012,삼척항,153,"32,671",214,"15,833","16,837"
2012,묵호항,66,"12,270",27,"8,757","3,513"
2012,장항항,16,"5,744",159,"66,122","-60,378"
2012,장승포항,3,"4,366",1,4,"4,362"
2012,제주공항,384,"3,711","1,666","50,074","-46,362"
2012,군산(공)항,7,"3,243",0,0,"3,243"
2012,진주항,49,"1,882",0,0,"1,882"
2012,부산국제우편세관,590,"1,741",527,"1,118",623
2012,제주항,1,795,27,"7,966","-7,171"
2012,청주공항,34,781,482,"167,235","-166,454"
2012,삼천포항,6,579,214,"987,410","-986,831"
2012,서울세관,33,204,41,"1,030",-826
2012,강릉항,1,89,0,0,89
2012,진주(사천)공항,7,62,0,0,62
2012,울산공항,11,37,0,0,37
2012,속초공항(삼척항),1,28,0,0,28
2012,전주공항,4,12,1,0,12
2012,포항(공)항,1,7,1,529,-521
2012,북평항,1,7,15,"1,415","-1,409"
2012,여수공항,1,5,0,0,5
2012,수원공항,2,1,0,0,1
2012,강릉공항,0,0,1,16,-16
2012,도라산육로,0,0,46,590,-590
2012,충무항,0,0,23,933,-933
2012,보령항,0,0,197,"1,211,609","-1,211,609"
2012,태안항,0,0,133,"1,440,348","-1,440,348"
2012,광주공항,1,0,67,"1,096","-1,096"
2013,부산항,"2,500,900","164,438,240","1,551,679","119,383,339","45,054,902"
2013,인천공항,"3,146,955","130,869,156","11,204,486","107,265,422","23,603,734"
2013,울산항,"87,195","50,346,484","20,438","52,883,190","-2,536,706"
2013,인천항,"608,238","46,901,793","1,090,060","56,588,045","-9,686,252"
2013,평택항,"95,011","27,866,128","269,207","35,202,611","-7,336,483"
2013,광양항,"220,017","27,032,356","67,138","13,175,221","13,857,135"
2013,여수항,"3,213","20,320,840","4,123","43,556,215","-23,235,374"
2013,온산항,"4,312","15,997,681","1,560","28,081,825","-12,084,144"
2013,대산항,"11,187","13,424,918","1,528","25,092,619","-11,667,701"
2013,고현항,783,"9,606,310","1,017","1,397,794","8,208,516"
2013,옥포항,119,"8,854,223",771,"937,138","7,917,085"
2013,마산항,"14,371","8,074,028","5,613","1,280,655","6,793,373"
2013,포항항,"20,832","7,585,208","8,372","9,382,463","-1,797,255"
2013,목포항,"1,886","7,208,982",848,"378,651","6,830,330"
2013,미포항,115,"6,066,159",11,"13,714","6,052,445"
2013,군산항,"10,429","5,035,045","15,516","3,628,265","1,406,780"
2013,통영항,214,"2,280,858","1,365","211,266","2,069,592"
2013,기타불개항,"2,377","2,229,646",475,"8,678,990","-6,449,344"
2013,진해항,322,"1,206,264","4,050","291,610","914,655"
2013,당진항,"3,230","952,925",154,"1,050,845","-97,920"
2013,여천항,462,"894,072",107,"443,134","450,939"
2013,김포공항,"7,030","709,822","21,744","374,766","335,056"
2013,동해항,"2,811","515,689","1,626","1,389,591","-873,903"
2013,김해공항,"41,944","448,107","29,010","675,888","-227,781"
2013,대불항,172,"217,820",23,"32,307","185,513"
2013,인천공항국제우편세관,"93,486","215,591","26,681","67,271","148,320"
2013,속초항,"4,825","137,929",306,"23,828","114,101"
2013,완도항,752,"43,073",48,"1,386","41,688"
2013,옥계항,35,"33,094",75,"59,328","-26,234"
2013,삼척항,155,"26,576",217,"13,787","12,789"
2013,경인항,475,"26,218","11,397","411,489","-385,271"
2013,감천항,852,"18,991","2,098","294,626","-275,635"
2013,묵호항,78,"16,823",20,"4,093","12,729"
2013,대구공항,"1,288","9,147",7,139,"9,008"
2013,장항항,19,"5,027",118,"68,157","-63,130"
2013,제주공항,251,"4,585","1,045","22,195","-17,610"
2013,보령항,1,"3,330",207,"1,149,425","-1,146,095"
2013,부산국제우편세관,752,"2,137",632,"1,086","1,051"
2013,진주항,45,"2,096",0,0,"2,096"
2013,군산(공)항,9,"1,878",0,0,"1,878"
2013,삼천포항,6,679,191,"884,974","-884,295"
2013,울산공항,5,673,0,0,673
2013,제주항,2,590,14,"2,078","-1,489"
2013,포항(공)항,4,573,49,"15,065","-14,492"
2013,서울세관,40,470,10,253,217
2013,진주(사천)공항,62,108,0,0,108
2013,속초공항(삼척항),4,74,0,0,74
2013,북평항,1,5,6,"11,354","-11,349"
2013,청주공항,3,4,0,0,4
2013,성남공항,1,4,0,0,4
2013,광주공항,2,4,48,"2,360","-2,356"
2013,원주공항,1,1,0,0,1
2013,충무항,0,0,70,"5,469","-5,469"
2013,태안항,0,0,137,"1,150,938","-1,150,938"
2013,장승포항,0,0,4,13,-13
2013,도라산육로,0,0,38,609,-609
2013,무안공항,0,0,2,27,-27
2014,부산항,"2,558,153","168,156,102","1,665,009","124,434,546","43,721,556"
2014,인천공항,"3,244,477","135,837,942","12,846,928","112,042,261","23,795,681"
2014,울산항,"90,440","49,497,860","19,958","46,538,802","2,959,058"
2014,인천항,"615,406","47,595,310","1,211,891","61,464,899","-13,869,589"
2014,평택항,"95,466","28,874,015","336,195","36,641,188","-7,767,173"
2014,광양항,"240,874","28,471,009","70,141","13,046,171","15,424,838"
2014,여수항,"3,077","17,159,854","3,007","41,206,081","-24,046,227"
2014,온산항,"4,382","15,999,267","1,662","28,727,750","-12,728,483"
2014,대산항,"11,743","13,835,177","1,697","26,077,113","-12,241,936"
2014,고현항,847,"10,280,803",789,"1,110,012","9,170,791"
2014,옥포항,154,"9,737,346","1,116","1,274,657","8,462,689"
2014,미포항,179,"9,677,806",12,"7,254","9,670,552"
2014,목포항,"1,987","8,118,800",896,"648,841","7,469,959"
2014,포항항,"22,210","8,049,030","9,001","9,736,068","-1,687,038"
2014,마산항,"13,578","7,956,169","5,797","1,627,085","6,329,084"
2014,군산항,"11,428","4,294,965","15,625","3,268,508","1,026,458"
2014,기타불개항,"2,111","2,110,421",467,"9,728,852","-7,618,431"
2014,당진항,"5,160","1,906,330",199,"906,120","1,000,210"
2014,여천항,320,"1,182,376",10,"6,389","1,175,987"
2014,진해항,166,"1,138,847","4,662","482,749","656,098"
2014,동해항,"3,691","600,060","2,120","1,476,263","-876,203"
2014,통영항,199,"589,431","1,042","59,197","530,234"
2014,김해공항,"42,953","472,133","27,480","669,460","-197,327"
2014,김포공항,"6,866","435,823","36,250","478,210","-42,387"
2014,인천공항국제우편세관,"100,609","232,355","24,125","65,860","166,495"
2014,대불항,218,"161,826",3,"4,962","156,864"
2014,옥계항,68,"65,870",100,"60,272","5,598"
2014,속초항,"1,818","62,488",324,"39,784","22,704"
2014,경인항,766,"53,863","10,936","372,363","-318,499"
2014,완도항,658,"36,977",131,"2,511","34,466"
2014,삼척항,112,"19,575",197,"12,171","7,404"
2014,감천항,787,"12,389","1,736","288,662","-276,272"
2014,대구공항,956,"12,322",1,19,"12,303"
2014,묵호항,66,"11,023",17,"3,955","7,068"
2014,삼천포항,9,"5,026",175,"758,985","-753,960"
2014,목포공항,1,"3,315",0,0,"3,315"
2014,장항항,15,"2,657",112,"73,843","-71,186"
2014,부산국제우편세관,990,"2,382",818,"1,738",645
2014,진주항,42,"2,221",0,0,"2,221"
2014,제주공항,209,"1,158",904,"21,769","-20,611"
2014,여수공항,1,643,0,0,643
2014,울산공항,1,592,0,0,592
2014,서울세관,34,400,15,117,283
2014,장승포항,3,357,4,1,356
2014,진주(사천)공항,81,84,0,0,84
2014,도라산육로,1,64,140,"1,387","-1,323"
2014,제주항,2,61,14,"2,940","-2,878"
2014,포항(공)항,2,56,137,"55,769","-55,713"
2014,청주공항,6,14,2,34,-20
2014,북평항,1,10,11,"12,692","-12,682"
2014,수원공항,2,2,0,0,2
2014,충무항,0,0,374,"21,870","-21,870"
2014,정석비행장,0,0,1,0,0
2014,강릉공항,0,0,1,0,0
2014,태안항,0,0,135,"1,047,451","-1,047,451"
2014,보령항,0,0,194,"1,005,220","-1,005,220"
2014,양양공항,0,0,1,275,-275
2014,군산(공)항,0,0,1,114,-114
2014,무안공항,0,0,3,"1,268","-1,268"
2014,광주공항,0,0,4,0,0
2015,부산항,"2,456,109","156,503,110","1,687,944","117,381,058","39,122,053"
2015,인천공항,"3,726,788","138,097,484","10,832,196","115,020,585","23,076,899"
2015,인천항,"575,803","45,655,185","1,281,138","54,074,934","-8,419,749"
2015,울산항,"82,475","39,313,538","18,692","28,929,059","10,384,479"
2015,평택항,"88,747","27,756,035","422,817","29,077,632","-1,321,597"
2015,광양항,"233,626","24,483,376","74,022","10,853,917","13,629,459"
2015,미포항,217,"12,745,044",0,0,"12,745,044"
2015,대산항,"12,240","10,263,412","1,946","15,076,691","-4,813,279"
2015,온산항,"3,871","9,177,981","1,239","15,611,375","-6,433,394"
2015,옥포항,175,"9,012,982",270,"1,020,623","7,992,359"
2015,여수항,"3,182","8,915,889","3,206","24,127,464","-15,211,575"
2015,목포항,"1,723","8,259,337",770,"555,853","7,703,485"
2015,마산항,"13,346","8,029,070","7,774","1,898,979","6,130,090"
2015,고현항,636,"7,220,986",628,"1,036,776","6,184,210"
2015,포항항,"19,124","5,263,291","7,752","5,971,777","-708,486"
2015,군산항,"8,691","3,939,275","15,111","2,802,743","1,136,532"
2015,여천항,665,"3,237,630",10,"57,382","3,180,248"
2015,통영항,236,"2,307,473","1,267","88,723","2,218,750"
2015,당진항,"5,084","1,735,702",571,"1,246,010","489,692"
2015,기타불개항,"1,626","1,721,070",451,"5,966,795","-4,245,725"
2015,진해항,128,"1,021,196","5,078","373,514","647,682"
2015,동해항,"2,315","593,241","2,203","1,224,222","-630,982"
2015,김해공항,"42,388","446,523","24,543","310,204","136,320"
2015,김포공항,"7,459","332,238","30,342","364,226","-31,988"
2015,인천공항국제우편세관,"147,240","258,744","23,242","60,876","197,867"
2015,대불항,121,"136,567",4,"6,200","130,367"
2015,경인항,749,"79,642","11,146","398,317","-318,675"
2015,제주공항,410,"63,176",960,"21,752","41,424"
2015,옥계항,43,"48,321",100,"53,172","-4,851"
2015,장승포항,4,"35,380",4,"35,065",314
2015,보령항,4,"25,280",188,"871,516","-846,236"
2015,완도항,348,"16,420",106,"2,492","13,928"
2015,삼척항,80,"12,439",178,"12,127",312
2015,감천항,736,"11,085","1,407","235,070","-223,984"
2015,대불항,1,"10,466",0,0,"10,466"
2015,삼천포항,7,"5,713",177,"667,410","-661,697"
2015,속초항,67,"5,051",431,"61,239","-56,189"
2015,묵호항,44,"4,425",5,"2,515","1,910"
2015,대구공항,864,"3,861",1,400,"3,461"
2015,군산(공)항,2,"2,289",0,0,"2,289"
2015,부산국제우편세관,991,"2,283",895,"1,487",796
2015,진주항,47,"1,524",0,0,"1,524"
2015,장항항,13,"1,269",134,"67,579","-66,310"
2015,충무항,2,525,156,"31,900","-31,376"
2015,서울세관,36,504,4,116,388
2015,포항(공)항,2,259,77,"44,468","-44,209"
2015,무안공항,3,71,7,"2,329","-2,259"
2015,진주(사천)공항,75,32,0,0,32
2015,청주공항,4,31,0,0,31
2015,전주공항,5,24,0,0,24
2015,원주공항,2,19,0,0,19
2015,제주항,1,16,21,"5,017","-5,001"
2015,속초공항(삼척항),3,10,0,0,10
2015,광주공항,3,7,3,0,7
2015,양양공항,1,2,0,0,2
2015,태안항,0,0,135,"845,272","-845,272"
2015,북평항,0,0,387,"1,719","-1,719"
2015,도라산육로,0,0,42,391,-391
2016,부산항,"2,486,273","152,422,511","1,685,657","111,356,455","41,066,056"
2016,인천공항,"4,459,590","133,410,941","11,800,548","114,145,964","19,264,976"
2016,인천항,"612,798","44,048,164","1,336,215","51,136,570","-7,088,406"
2016,울산항,"82,248","35,655,089","18,882","30,611,936","5,043,153"
2016,평택항,"83,600","24,591,389","430,603","24,346,999","244,390"
2016,광양항,"238,547","22,764,412","77,345","9,895,325","12,869,087"
2016,대산항,"13,175","10,209,710","2,145","13,077,392","-2,867,682"
2016,여수항,"3,694","9,600,420","3,006","18,832,601","-9,232,181"
2016,옥포항,151,"9,305,588",255,"679,849","8,625,739"
2016,목포항,"1,450","9,242,949",674,"482,037","8,760,912"
2016,미포항,140,"8,215,469",2,1,"8,215,468"
2016,온산항,"3,810","7,474,061","1,121","6,846,108","627,953"
2016,마산항,"13,738","7,037,075","7,065","1,575,494","5,461,582"
2016,포항항,"19,653","4,787,775","7,638","5,418,321","-630,546"
2016,고현항,707,"4,153,860",827,"822,889","3,330,971"
2016,군산항,"8,077","3,435,662","20,333","2,729,570","706,092"
2016,통영항,308,"2,502,094","1,708","96,180","2,405,914"
2016,당진항,"6,504","2,088,699","1,829","2,916,642","-827,943"
2016,기타불개항,"1,297","1,141,386",572,"4,459,255","-3,317,869"
2016,진해항,110,"865,477","5,178","236,832","628,645"
2016,김해공항,"41,998","445,894","16,441","289,268","156,625"
2016,김포공항,"8,650","407,557","38,138","360,029","47,527"
2016,여천항,117,"372,985",285,"339,093","33,892"
2016,인천공항국제우편세관,"172,855","284,357","21,839","59,203","225,155"
2016,동해항,"2,019","264,654","2,619","1,184,183","-919,529"
2016,대불항,121,"119,299",7,"3,040","116,258"
2016,제주공항,514,"63,462","2,180","22,819","40,642"
2016,경인항,613,"60,231","11,175","408,310","-348,079"
2016,보령항,5,"50,979",165,"788,568","-737,589"
2016,옥계항,12,"14,029",100,"40,346","-26,318"
2016,삼척항,66,"10,358",161,"14,449","-4,090"
2016,감천항,907,"6,956","5,508","899,450","-892,494"
2016,장항항,18,"4,715",159,"58,444","-53,728"
2016,묵호항,47,"3,938",0,0,"3,938"
2016,대구공항,717,"3,792",599,"1,622","2,170"
2016,울산공항,15,"3,661",10,54,"3,607"
2016,제주항,8,"3,488",53,"6,939","-3,452"
2016,부산국제우편세관,853,"2,423","1,294","2,916",-493
2016,서울세관,130,"1,313",14,82,"1,231"
2016,완도항,2,942,169,"4,202","-3,260"
2016,군산(공)항,27,563,0,0,563
2016,삼천포항,5,432,220,"621,129","-620,697"
2016,포항(공)항,5,317,46,"33,776","-33,460"
2016,진주항,8,289,3,0,289
2016,속초항,37,200,278,"31,155","-30,955"
2016,청주공항,15,100,685,"1,620","-1,520"
2016,태안항,4,75,140,"776,096","-776,021"
2016,진주(사천)공항,43,56,0,0,56
2016,전주공항,2,12,0,0,12
2016,수원공항,1,1,1,0,1
2016,서귀포항,0,0,1,791,-791
2016,광주공항,1,0,0,0,0
2016,무안공항,0,0,176,"2,260","-2,260"
2016,성남공항,0,0,9,82,-82
2016,장승포항,0,0,9,"6,822","-6,822"
2016,도라산육로,0,0,1,26,-26
2016,충무항,0,0,5,317,-317
2016,양양공항,0,0,55,147,-147
2016,북평항,0,0,132,190,-190
2017,인천공항,"4,563,824","173,699,811","14,660,258","135,802,818","37,896,992"
2017,부산항,"2,519,564","163,583,000","1,736,881","120,917,880","42,665,120"
2017,인천항,"639,253","46,556,608","1,554,880","60,170,127","-13,613,519"
2017,울산항,"81,337","38,231,201","19,014","35,352,510","2,878,692"
2017,광양항,"220,218","24,538,887","78,327","12,567,071","11,971,816"
2017,평택항,"74,569","22,616,021","418,203","27,424,048","-4,808,027"
2017,고현항,875,"15,416,050",749,"900,737","14,515,313"
2017,대산항,"13,110","12,791,471","2,242","17,070,640","-4,279,169"
2017,옥포항,110,"12,616,767",168,"595,921","12,020,846"
2017,여수항,"3,703","12,220,169","3,136","23,605,650","-11,385,481"
2017,온산항,"3,920","9,854,425",549,"11,510,664","-1,656,239"
2017,미포항,125,"7,872,872",0,0,"7,872,872"
2017,목포항,"1,735","7,585,206",581,"404,899","7,180,307"
2017,마산항,"15,090","7,456,613","7,139","1,699,783","5,756,830"
2017,포항항,"20,961","6,105,853","7,428","6,802,262","-696,410"
2017,당진항,"7,038","2,668,439","1,609","3,863,961","-1,195,523"
2017,군산항,"7,791","2,625,493","22,314","2,989,716","-364,223"
2017,통영항,245,"1,407,461","1,843","99,436","1,308,024"
2017,기타불개항,948,"990,698",650,"6,113,524","-5,122,827"
2017,진해항,120,"723,269","4,564","167,792","555,477"
2017,김해공항,"45,517","540,285","13,156","155,422","384,863"
2017,김포공항,"50,591","436,465","85,178","388,417","48,048"
2017,인천공항국제우편세관,"111,937","301,798","21,260","59,154","242,644"
2017,제주공항,231,"300,144","1,562","14,067","286,077"
2017,동해항,"2,487","196,600","4,056","1,862,962","-1,666,362"
2017,대불항,293,"156,254",6,"16,961","139,292"
2017,경인항,711,"112,094","8,284","312,122","-200,029"
2017,감천항,605,"23,138","9,474","1,488,213","-1,465,075"
2017,옥계항,19,"21,147",124,"60,650","-39,503"
2017,보령항,5,"16,874",313,"2,344,428","-2,327,554"
2017,삼천포항,18,"16,619",219,"748,608","-731,988"
2017,삼척항,53,"7,755",136,"12,690","-4,935"
2017,대구공항,592,"7,040","1,415","3,957","3,083"
2017,묵호항,49,"4,095",1,31,"4,065"
2017,여천항,6,"3,559",590,"933,549","-929,990"
2017,장항항,14,"3,259",137,"64,701","-61,442"
2017,강릉항,1,"2,442",0,0,"2,442"
2017,부산국제우편세관,781,"1,956",750,"1,803",153
2017,서울세관,253,"1,389",14,409,980
2017,제주항,5,950,33,"7,161","-6,211"
2017,속초항,66,731,544,"58,321","-57,590"
2017,울산공항,3,429,1,5,425
2017,장승포항,1,147,13,74,73
2017,군산(공)항,8,101,0,0,101
2017,전주공항,5,62,0,0,62
2017,청주공항,22,44,386,928,-884
2017,진주(사천)공항,52,38,0,0,38
2017,진주항,1,6,1,140,-134
2017,강릉공항,1,6,0,0,6
2017,속초공항(삼척항),1,5,0,0,5
2017,호산항,0,0,4,"9,442","-9,442"
2017,광주공항,1,0,5,27,-27
2017,완도항,1,0,45,"3,465","-3,464"
2017,포항(공)항,0,0,1,"1,345","-1,345"
2017,양양공항,0,0,140,156,-156
2017,태안항,0,0,171,"1,282,697","-1,282,697"
2017,수원공항,0,0,3,0,0
2017,서귀포항,0,0,1,0,0
2017,성남공항,0,0,13,256,-256
2017,무안공항,1,0,191,"1,360","-1,360"
2018,인천공항,"4,760,364","200,222,053","17,377,642","141,672,458","58,549,595"
2018,부산항,"2,523,197","176,558,882","1,731,106","127,813,759","48,745,123"
2018,인천항,"708,614","46,211,699","1,668,699","67,358,173","-21,146,474"
2018,울산항,"82,131","41,839,449","17,998","38,580,012","3,259,437"
2018,광양항,"212,775","25,610,329","80,342","13,284,942","12,325,387"
2018,평택항,"84,050","22,060,337","467,356","32,238,120","-10,177,783"
2018,여수항,"3,999","15,937,261","3,176","31,922,097","-15,984,836"
2018,대산항,"10,804","15,295,657","2,321","24,013,813","-8,718,156"
2018,온산항,"4,223","12,950,714",701,"19,844,902","-6,894,188"
2018,목포항,"1,493","7,450,382",470,"404,952","7,045,430"
2018,포항항,"19,620","6,627,624","6,185","6,474,838","152,786"
2018,옥포항,97,"6,437,878",172,"585,256","5,852,622"
2018,마산항,"13,701","6,380,647","7,738","1,603,864","4,776,783"
2018,고현항,766,"5,336,475",471,"509,431","4,827,044"
2018,미포항,110,"4,760,095",0,0,"4,760,095"
2018,당진항,"8,543","3,007,131","1,273","3,601,884","-594,753"
2018,군산항,"8,846","2,127,290","19,580","3,595,679","-1,468,388"
2018,기타불개항,811,"792,625",754,"8,201,724","-7,409,098"
2018,김해공항,"43,241","651,730","12,506","364,732","286,998"
2018,김포공항,"245,177","374,012","86,869","867,891","-493,879"
2018,동해항,"3,278","330,898","4,260","2,110,894","-1,779,996"
2018,인천공항국제우편세관,"146,036","259,999","18,830","57,519","202,480"
2018,울산공항,"1,782","208,423",0,0,"208,423"
2018,진해항,115,"147,686","1,847","96,185","51,501"
2018,대불항,123,"116,003",7,"12,785","103,219"
2018,경인항,"1,003","85,170","8,380","347,946","-262,776"
2018,여수공항,8,"69,580",0,0,"69,580"
2018,태안항,1,"63,000",167,"1,543,859","-1,480,859"
2018,옥계항,26,"37,791",136,"68,903","-31,112"
2018,삼천포항,22,"26,580",187,"842,585","-816,005"
2018,통영항,213,"21,051","2,097","120,319","-99,268"
2018,감천항,136,"12,467","8,276","1,298,334","-1,285,867"
2018,묵호항,62,"6,038",1,58,"5,980"
2018,완도항,1,"4,803",7,592,"4,211"
2018,대구공항,501,"4,757","1,683","5,705",-948
2018,삼척항,27,"3,989",70,"6,384","-2,394"
2018,부산국제우편세관,737,"2,269",504,905,"1,364"
2018,속초항,45,"2,215",652,"80,460","-78,245"
2018,제주공항,222,"1,723","2,176","13,923","-12,200"
2018,강릉공항,1,"1,475",0,0,"1,475"
2018,장항항,12,"1,391",131,"63,419","-62,028"
2018,서울세관,"2,762","1,247",14,133,"1,115"
2018,제주항,1,"1,062",21,"2,974","-1,912"
2018,여천항,2,658,378,"1,107,821","-1,107,163"
2018,군산(공)항,9,480,0,0,480
2018,진주(사천)공항,22,442,1,3,439
2018,진주항,3,115,6,86,29
2018,청주공항,17,45,559,"1,706","-1,661"
2018,무안공항,1,4,294,962,-959
2018,포항(공)항,2,4,0,0,4
2018,전주공항,1,3,0,0,3
2018,호산항,0,0,1,"4,498","-4,498"
2018,장승포항,0,0,2,0,0
2018,보령항,0,0,326,"3,007,533","-3,007,533"
2018,양양공항,0,0,154,290,-290
2018,성남공항,0,0,18,280,-280
2018,도라산육로,0,0,3,85,-85
2019,부산항,"830,152","56,462,576","584,562","42,580,609","13,881,967"
2019,인천공항,"1,496,419","53,080,038","6,851,824","43,739,423","9,340,615"
2019,인천항,"241,453","13,756,751","563,211","22,220,952","-8,464,201"
2019,울산항,"26,714","13,596,884","6,013","11,459,775","2,137,109"
2019,광양항,"71,875","8,175,744","26,665","4,394,861","3,780,883"
2019,평택항,"27,502","7,283,190","141,539","10,199,050","-2,915,860"
2019,대산항,"3,165","4,876,113",728,"6,935,869","-2,059,757"
2019,여수항,"1,253","4,647,589","1,097","9,250,654","-4,603,066"
2019,온산항,"1,321","3,266,335",170,"5,066,287","-1,799,952"
2019,옥포항,57,"3,233,315",88,"210,360","3,022,955"
2019,목포항,357,"2,763,624",211,"162,081","2,601,543"
2019,포항항,"6,190","2,158,309","2,005","1,967,655","190,654"
2019,마산항,"4,820","1,937,459","2,488","438,840","1,498,619"
2019,미포항,44,"1,693,311",0,0,"1,693,311"
2019,고현항,290,"1,004,493",274,"334,875","669,617"
2019,당진항,"2,704","888,988",366,"916,554","-27,566"
2019,군산항,"2,825","584,467","9,050","1,278,105","-693,638"
2019,기타불개항,256,"280,302",230,"2,617,712","-2,337,410"
2019,김해공항,"13,811","238,455","3,989","255,679","-17,224"
2019,김포공항,"83,224","143,358","22,742","158,397","-15,039"
2019,진해항,41,"129,635",739,"34,672","94,963"
2019,통영항,97,"113,314",751,"115,061","-1,747"
2019,동해항,"1,284","108,149","1,316","612,769","-504,620"
2019,인천공항국제우편세관,"51,798","67,395","6,021","16,873","50,522"
2019,대불항,39,"24,614",1,"1,976","22,638"
2019,옥계항,12,"19,537",39,"18,731",806
2019,보령항,1,"7,404",103,"1,028,747","-1,021,343"
2019,삼천포항,24,"7,240",43,"204,537","-197,297"
2019,여수공항,2,"5,809",0,0,"5,809"
2019,경인항,344,"5,488","2,846","115,884","-110,396"
2019,울산공항,3,"2,246",0,0,"2,246"
2019,묵호항,17,"1,675",0,0,"1,675"
2019,대구공항,197,"1,672",594,"1,818",-145
2019,제주항,2,"1,469",16,"2,374",-905
2019,감천항,27,835,"2,666","431,056","-430,221"
2019,부산국제우편세관,176,512,133,297,216
2019,제주공항,88,496,737,"3,357","-2,862"
2019,장항항,4,486,46,"28,605","-28,119"
2019,진주(사천)공항,4,485,0,0,485
2019,속초항,27,441,285,"40,291","-39,851"
2019,여천항,1,333,124,"248,993","-248,660"
2019,서울세관,88,258,2,18,240
2019,강릉공항,1,54,0,0,54
2019,청주공항,1,10,170,"199,687","-199,677"
2019,전주공항,2,1,0,0,1
2019,무안공항,1,1,107,375,-374
2019,양양공항,0,0,37,55,-55
2019,장승포항,0,0,1,0,0
2019,진주항,0,0,4,66,-66
2019,성남공항,0,0,4,68,-68
2019,삼척항,0,0,20,"1,616","-1,616"
2019,완도항,0,0,3,252,-252
2019,호산항,0,0,1,"10,420","-10,420"
2019,태안항,0,0,40,"341,178","-341,178"
2019,도라산육로,0,0,3,1,-1
